protein,chain,residue,residue_name,score
folded,A,1,M,0.7439
folded,A,2,G,-0.2495
folded,A,3,S,-0.6779
folded,A,4,S,-1.2188
folded,A,5,H,-2.1158
folded,A,6,H,-2.4727
folded,A,7,H,-2.6937
folded,A,8,H,-2.7052
folded,A,9,H,-2.4746
folded,A,10,H,-2.1373
folded,A,11,S,-1.4468
folded,A,12,S,-1.3760
folded,A,13,G,-1.7255
folded,A,14,G,-1.8367
folded,A,15,E,-2.1588
folded,A,16,N,-0.9173
folded,A,17,L,1.3366
folded,A,18,Y,1.8733
folded,A,19,F,2.0467
folded,A,20,Q,0.2302
folded,A,21,G,0.0844
folded,A,22,G,0.0473
folded,A,23,M,0.8223
folded,A,24,M,1.1264
folded,A,25,S,0.3330
folded,A,26,H,-0.0797
folded,A,27,T,-0.1522
folded,A,28,T,0.0000
folded,A,29,P,0.0000
folded,A,30,W,0.0000
folded,A,31,T,-0.7600
folded,A,32,N,-1.6160
folded,A,33,P,-1.6452
folded,A,34,G,-1.4610
folded,A,35,L,-1.2972
folded,A,36,A,0.0000
folded,A,37,E,-2.8482
folded,A,38,N,-2.4646
folded,A,39,F,0.0000
folded,A,40,M,0.0000
folded,A,41,N,-2.3958
folded,A,42,S,-1.8647
folded,A,43,F,0.0000
folded,A,44,M,-1.1462
folded,A,45,Q,-1.7146
folded,A,46,G,-1.1825
folded,A,47,L,0.0000
folded,A,48,S,-0.8329
folded,A,49,S,-0.5455
folded,A,50,M,-0.3447
folded,A,51,P,-0.4721
folded,A,52,G,0.0000
folded,A,53,F,0.0000
folded,A,54,T,-1.0242
folded,A,55,A,-0.7503
folded,A,56,S,-1.3298
folded,A,57,Q,0.0000
folded,A,58,L,-1.4358
folded,A,59,D,-2.6326
folded,A,60,D,-2.6224
folded,A,61,M,0.0000
folded,A,62,S,-1.8747
folded,A,63,T,-1.4901
folded,A,64,I,-0.9966
folded,A,65,A,0.0000
folded,A,66,Q,-1.8157
folded,A,67,S,-0.9936
folded,A,68,M,0.0000
folded,A,69,V,-1.8144
folded,A,70,Q,-1.8052
folded,A,71,S,0.0000
folded,A,72,I,0.0000
folded,A,73,Q,-1.7598
folded,A,74,S,-1.0719
folded,A,75,L,0.0000
folded,A,76,A,-1.3449
folded,A,77,A,-0.8672
folded,A,78,Q,-1.3992
folded,A,79,G,-1.3913
folded,A,80,R,-1.5220
folded,A,81,T,-1.1667
folded,A,82,S,-0.8609
folded,A,83,P,-0.7133
folded,A,84,N,-0.8174
folded,A,85,K,-0.6666
folded,A,86,L,0.0000
folded,A,87,Q,-0.8106
folded,A,88,A,0.0000
folded,A,89,L,0.0000
folded,A,90,N,0.0000
folded,A,91,M,-0.0826
folded,A,92,A,0.0000
folded,A,93,F,0.0000
folded,A,94,A,0.0000
folded,A,95,S,0.0000
folded,A,96,S,0.0000
folded,A,97,M,0.0000
folded,A,98,A,0.0000
folded,A,99,E,-1.1491
folded,A,100,I,0.0000
folded,A,101,A,0.0000
folded,A,102,A,0.0000
folded,A,103,S,-1.6965
folded,A,104,E,-2.6778
folded,A,105,E,-2.6781
folded,A,106,G,-1.9414
folded,A,107,G,-1.4490
folded,A,108,G,-1.2614
folded,A,109,S,-0.9163
folded,A,110,L,-0.4217
folded,A,111,S,-0.2743
folded,A,112,T,-0.3600
folded,A,113,K,0.0000
folded,A,114,T,-0.3493
folded,A,115,S,-0.2855
folded,A,116,S,0.0000
folded,A,117,I,0.0000
folded,A,118,A,-0.6322
folded,A,119,S,-0.5004
folded,A,120,A,0.0000
folded,A,121,M,0.0000
folded,A,122,S,-0.2806
folded,A,123,N,-1.0274
folded,A,124,A,0.0000
folded,A,125,F,0.0000
folded,A,126,L,0.9123
folded,A,127,Q,-0.8489
folded,A,128,T,-0.6812
folded,A,129,T,0.4223
folded,A,130,G,0.6542
folded,A,131,V,1.8697
folded,A,132,V,1.1468
folded,A,133,N,0.0391
folded,A,134,Q,-1.1255
folded,A,135,P,-1.3398
folded,A,136,F,0.0000
folded,A,137,I,0.0000
folded,A,138,N,-2.3204
folded,A,139,E,-2.1011
folded,A,140,I,0.0000
folded,A,141,T,-1.2293
folded,A,142,Q,-1.6008
folded,A,143,L,-0.6732
folded,A,144,V,0.0000
folded,A,145,S,-0.5430
folded,A,146,M,0.0524
folded,A,147,F,0.0000
folded,A,148,A,0.0000
folded,A,149,Q,-0.7933
folded,A,150,A,-0.4744
folded,A,151,G,-0.5701
folded,A,152,M,-0.7820
folded,A,153,N,-0.8923
folded,A,154,D,-0.5025
folded,A,155,V,-0.5369
folded,A,156,S,-0.4224
folded,A,157,M,-0.4490
folded,A,158,G,-0.3653
folded,A,159,G,0.0000
folded,A,160,G,0.0412
folded,A,161,S,-0.5384
folded,A,162,G,0.2819
folded,A,163,G,-0.3606
folded,A,164,G,-0.7371
folded,A,165,S,-0.8259
folded,A,166,A,-0.3746
folded,A,167,T,0.3418
folded,A,168,F,1.3978
folded,A,169,Y,2.2384
folded,A,170,V,2.3621
folded,A,171,T,2.0479
folded,A,172,F,3.2439
folded,A,173,W,3.7283
folded,A,174,W,3.4139
folded,A,175,F,3.6918
folded,A,176,F,3.7757
folded,A,177,G,0.0000
folded,A,178,Y,0.0000
folded,A,179,F,2.5808
folded,A,180,F,0.0000
folded,A,181,S,1.0507
folded,A,182,I,0.0000
folded,A,183,T,0.1022
folded,A,184,L,0.0000
folded,A,185,K,-1.0685
folded,A,186,N,0.0000
folded,A,187,T,0.2898
folded,A,188,G,0.9365
folded,A,189,F,2.4012
folded,A,190,Y,1.7175
folded,A,191,P,0.7613
folded,A,192,I,0.0000
folded,A,193,Y,0.4505
folded,A,194,Y,0.7152
folded,A,195,W,0.0000
folded,A,196,M,0.0000
folded,A,197,L,0.0000
folded,A,198,M,0.0000
folded,A,199,F,0.0000
folded,A,200,L,0.0000
folded,A,201,Y,0.0000
folded,A,202,Y,0.7005
folded,A,203,G,0.9140
folded,A,204,T,0.6945
folded,A,205,L,0.0000
folded,A,206,T,0.2776
folded,A,207,S,0.4933
folded,A,208,L,0.8200
folded,A,209,Y,1.5402
folded,A,210,Y,1.9388
folded,A,211,S,0.0000
folded,A,212,R,0.3579
folded,A,213,I,0.5860
folded,A,214,S,0.0824
folded,A,215,Y,0.2590
folded,A,216,K,-0.3722
folded,A,217,F,0.0886
folded,A,218,Y,0.5153
folded,A,219,Y,0.2405
folded,A,220,F,0.0000
folded,A,221,Y,0.0000
folded,A,222,V,0.0000
folded,A,223,I,0.0000
folded,A,224,T,0.0000
folded,A,225,Y,1.2072
folded,A,226,Y,1.7414
folded,A,227,G,0.7684
folded,A,228,Y,1.3025
folded,A,229,N,0.5682
folded,A,230,Y,0.8472
folded,A,231,T,0.3882
folded,A,232,I,0.0000
folded,A,233,P,0.5569
folded,A,234,P,1.2068
folded,A,235,Y,1.5094
folded,A,236,G,0.7815
folded,A,237,Y,0.8108
folded,A,238,Y,0.4280
folded,A,239,T,0.4405
folded,A,240,I,0.0000
folded,A,241,G,0.9428
folded,A,242,G,0.0000
folded,A,243,T,1.2324
folded,A,244,G,0.0000
folded,A,245,L,2.8163
folded,A,246,G,2.4079
folded,A,247,L,2.5389
folded,A,248,P,1.8887
folded,A,249,S,1.5275
folded,A,250,F,2.3488
folded,A,251,L,1.3872
folded,A,252,Y,0.6990
folded,A,253,F,0.0000
folded,A,254,S,0.1400
folded,A,255,K,-0.5104
folded,A,256,L,0.0000
folded,A,257,M,0.0000
folded,A,258,S,0.0000
folded,A,259,Y,0.4968
folded,A,260,G,-0.3601
folded,A,261,G,-0.7912
folded,A,262,G,-0.7018
folded,A,263,S,-0.9121
folded,A,264,G,-1.0388
folded,A,265,G,-1.0051
folded,A,266,G,-0.7840
folded,A,267,S,-0.2957
folded,A,268,C,0.4251
